devopspro-beyond,one.txt
devopspro-beyond,two.txt
devopspro-beyond,three.txt
devopspro-beyond,four.txt
devopspro-beyond,five.txt
devopspro-beyond,six.txt
devopspro-beyond,seven.txt
devopspro-beyond,eight.txt
devopspro-beyond,nine.txt
devopspro-beyond,ten.txt
devopspro-beyond,eleven.txt
devopspro-beyond,twelve.txt
devopspro-beyond,thirteen.txt
devopspro-beyond,fourteen.txt
devopspro-beyond,fifteen.txt
devopspro-beyond,sixteen.txt
devopspro-beyond,seventeen.txt
devopspro-beyond,eighteen.txt
devopspro-beyond,ninteen.txt
devopspro-beyond,twenty.txt
devopspro-beyond,twenty-one.txt
devopspro-beyond,twenty-two.txt
devopspro-beyond,twenty-three.txt
devopspro-beyond,twenty-four.txt
devopspro-beyond,twenty-five.txt
devopspro-beyond,twenty-six.txt
devopspro-beyond,twenty-seven.txt
devopspro-beyond,twenty-eight.txt
devopspro-beyond,twenty-nine.txt
devopspro-beyond,thirty.txt
devopspro-beyond,thirty-one.txt
devopspro-beyond,thirty-two.txt
devopspro-beyond,thirty-three.txt
devopspro-beyond,thirty-four.txt
devopspro-beyond,thirty-five.txt
devopspro-beyond,thirty-six.txt
devopspro-beyond,thirty-seven.txt
devopspro-beyond,thirty-eight.txt
devopspro-beyond,thirty-nine.txt
devopspro-beyond,fourty.txt
devopspro-beyond,fourty-one.txt
devopspro-beyond,fourty-two.txt
devopspro-beyond,fourty-three.txt
devopspro-beyond,fourty-four.txt
devopspro-beyond,foruty-five.txt
devopspro-beyond,fourty-six.txt
devopspro-beyond,fourty-seven.txt
devopspro-beyond,fourty-eight.txt
devopspro-beyond,fourty-nine.txt
devopspro-beyond,fifty.txt
devopspro-beyond,fifty-one.txt
devopspro-beyond,fifty-two.txt
devopspro-beyond,fifty-three.txt
devopspro-beyond,fifty-four.txt
devopspro-beyond,fifty-five.txt
devopspro-beyond,fifty-six.txt
devopspro-beyond,fifty-seven.txt
devopspro-beyond,fifty-eight.txt
devopspro-beyond,fifty-nine.txt
devopspro-beyond,sixty.txt
devopspro-beyond,sixty-one.txt
devopspro-beyond,sixty-two.txt
devopspro-beyond,sixty-three.txt
devopspro-beyond,sixty-three.txt
devopspro-beyond,sixty-four.txt
devopspro-beyond,sixty-five.txt
devopspro-beyond,sixty-six.txt
devopspro-beyond,sixty-seven.txt
devopspro-beyond,sixty-eight.txt
devopspro-beyond,sixty-nine.txt
devopspro-beyond,seventy.txt
devopspro-beyond,seventy-one.txt
devopspro-beyond,seventy-two.txt
devopspro-beyond,seventy-three.txt
devopspro-beyond,seventy-four.txt
devopspro-beyond,seventy-five.txt
